filename,chroma_stft,rmse,spectral_centroid,spectral_bandwidth,rolloff,zero_crossing_rate,mfcc1,mfcc2,mfcc3,mfcc4,mfcc5,mfcc6,mfcc7,mfcc8,mfcc9,mfcc10,mfcc11,mfcc12,mfcc13,mfcc14,mfcc15,mfcc16,mfcc17,mfcc18,mfcc19,mfcc20,label
vocals.wav,0.161063827,0.03065289,2238.340414,1408.720127,3518.621329,0.150654154,-455.6418336,20.59110809,2.046250492,2.370115293,0.382702265,-2.835321307,-9.265583294,-3.007681908,-7.614236331,-5.659219769,-5.814805102,-5.314564572,-2.820592354,-3.709928645,-3.416592974,-0.821761873,-6.168858515,-0.963485976,-1.910842666,-4.996672053,vocals.wav
vocals1.wav,0.197865174,0.051693603,3244.503433,2016.628157,5175.852735,0.213487689,-389.0161907,9.01863676,-19.80194634,10.36003642,-12.31288936,-22.14837983,-3.65781627,-20.10550269,-14.10703358,-9.762535957,-18.7612063,-6.366738808,-11.66292342,-1.089456688,-9.351013413,-0.601030531,-2.49646629,5.073983607,2.751717234,-2.358228569,vocals1.wav
vocals2.wav,0.241776485,0.071639776,2751.564228,2038.938654,4618.794822,0.17830191,-366.6209059,49.34934706,12.53090523,4.379144577,-2.072327054,3.348204353,-15.87395851,-5.884757434,-19.83662132,-4.91379622,-2.409899615,-11.29600686,-5.310824112,-2.064281382,-3.385953687,-3.576116405,-6.03956985,0.491585105,-6.763902476,-5.300672264,vocals2.wav
