filename,chroma_stft,rmse,spectral_centroid,spectral_bandwidth,rolloff,zero_crossing_rate,mfcc1,mfcc2,mfcc3,mfcc4,mfcc5,mfcc6,mfcc7,mfcc8,mfcc9,mfcc10,mfcc11,mfcc12,mfcc13,mfcc14,mfcc15,mfcc16,mfcc17,mfcc18,mfcc19,mfcc20,label
vocals3.wav,0.22074892166413043,0.09565659612417221,1771.2867331971404,1879.5632475887974,3365.1833787950663,0.07653674246916509,-330.9577982730169,59.385767998406955,-1.3885907212683224,14.557720919397823,7.993990702207037,-13.016334352110391,-11.032690064357753,1.792330208950578,-15.816748732782575,-6.284381028704571,-12.398928774949864,-10.85900145598268,-2.903775400472401,-15.034348128244469,-5.598288994222392,-2.824943521363155,-14.788280679418717,-0.3576044944464053,-3.094939618241787,-12.351845068912494,vocals3.wav
