filename,chroma_stft,rmse,spectral_centroid,spectral_bandwidth,rolloff,zero_crossing_rate,mfcc1,mfcc2,mfcc3,mfcc4,mfcc5,mfcc6,mfcc7,mfcc8,mfcc9,mfcc10,mfcc11,mfcc12,mfcc13,mfcc14,mfcc15,mfcc16,mfcc17,mfcc18,mfcc19,mfcc20,label
IpidaMare.mp3,0.26858029195255695,0.020448507741093636,1561.1503721902402,836.3516213518591,2365.43687425703,0.1461617243591762,-472.26330316154235,86.06655485662279,-44.6116118417892,-17.711256976092386,23.432056642850096,-10.88764693838025,-14.97348743960886,12.569928256242564,0.062058930320854654,-9.176395120340171,9.960229089305493,3.6819187064423535,-12.065630465817346,1.0794555209886658,6.0130033959593385,-6.490176464767374,-0.53143784641464,5.463618131880272,-7.7458737455622,-7.648823934734609,IpidaMare.mp3
