filename,chroma_stft,rmse,spectral_centroid,spectral_bandwidth,rolloff,zero_crossing_rate,mfcc1,mfcc2,mfcc3,mfcc4,mfcc5,mfcc6,mfcc7,mfcc8,mfcc9,mfcc10,mfcc11,mfcc12,mfcc13,mfcc14,mfcc15,mfcc16,mfcc17,mfcc18,mfcc19,mfcc20,label
boraluAnena.mp3,0.2356810204232544,0.020554151386022568,1744.0377742480794,794.7155630323492,2438.1560004327653,0.16665011219160944,-483.73449524827777,66.20873028726048,-52.79159499022731,-13.39811766381055,29.69201721324547,-9.278203526988161,-14.284391694223189,14.886073791253773,2.591553911701016,-7.7949504348081184,8.050851628751555,-0.9431001151913617,-14.884956642911982,0.43435300013731515,5.039303058657661,-5.331042329711403,5.181435785364477,13.047063131149597,-1.3508790702857025,-5.02322174284337,boraluAnena.mp3
